review,label,score
"enak banget tempatnya buat adain acara komunitas gitu, bersih, accessible dan luas juga tempatnya. Makasi cakap!",POSITIVE,0.9988749623298645
"kemarin abis ke cakap, tempatnya cozy dan nyaman banget dipake buat belajar buat meeting buat apapun",POSITIVE,0.9972100853919983
"Ikut kartu prakerja agak nyesel ngambil kelas di sini, waktu pengumpulan tugasnya ga pasti yang mana. Terbuang sia2 waktu yang saya gunakanâ˜¹. Waktu hitung mundur masih ada untuk mengumpul tugas, tetapi sudah tidak bisa. Tidak ada rasa empati kepada siswa dalam membantu menyelesaikan kelas. Pemberian informasi deadline tugas tidak lengkap. Semoga ke depannya waktu hitung mundur dan adminnya sama dalam memberikan waktu deadline tugas akhir.",NEGATIVE,0.9989174604415894
Tempatnya nyaman bikin betah dan cocok untuk belajar,POSITIVE,0.9993093013763428
tempatnya bener bener nyamann bikin pengunjung betah belajar disanaa,POSITIVE,0.9993950128555298
Tempat terbaik untuk mengasah kemampuan. Bekerja sambil belajar.,POSITIVE,0.9855474233627319
26 kredit hangus tanpa pemberitahuan sebelumnya,NEUTRAL,0.9902029037475586
"Belajarnya nyaman krn jadwal bisa fleksibel, tutor dan materinya mudah dimengerti banget, nggak nyesel lah belajar bahasa asing disini, terus ada bbrp tes simulasi jg seperti TOEFL, TOEIC dll, pokoknya sangat membantu dan puas deh!",POSITIVE,0.997343122959137
"kecewa bgt sama pelayanannya CAKAP. udah sengaja daftar lewat study advisor tapi informasi yang diberikan ga lengkap, tiba tiba menghilangkan. jatah 3 kelas saya karena saya sudah melebihi kapasitas pembatalan. loh kenapa tidak diinformasikan di awal pendaftaran term yg berlaku? saya merasa dirugikan 3 kelas saya hangus. gausah les disini, menyusahkan pelanggan",NEGATIVE,0.9993496537208557
"memudahkan untuk belajar beberapa bahasa pada saat pandemi begini menggunakan aplikasi, plus ga perlu capek2 buat dateng ke kelas dan dapat akses materi dimana aja.",POSITIVE,0.9727933406829834
Barusan placement test mau belajar bahasa Inggris. Konsep belajarnya unik ya karena ada berbagai macam topik buat dibahas tapi sekaligus bisa tetep belajar. Mau beli paket ah abis ini,POSITIVE,0.8009659051895142
"Dengan cakap, bahasa inggris saya makin mahir karena aplikasinya sangat bagus yang memudahkan pengguna untuk mengakses berbagai fitur belajar yang tersedia",POSITIVE,0.9938482642173767
"Belajar bahasa asing jadi sangat mudah, dari mana aja bisa bahkan dari rumah. Metode interaktifnya selain bikin cepet paham, juga melatih kepercayaan diri untuk ngomong langsung pakai bahasa asing. Top deh!",POSITIVE,0.9906094074249268
"Pengalaman saya selama mengajar di CAKAP sangat menyenangkan bisa bertemu banyak murid-murid dari seluruh Indonesia. dan menurut saya adalah suatu tantangan terbesar untuk saya sebagai tutor terutama menggunakan platform online dan saya bisa jauh lebih berkembang seperti ini, dan di CAKAP saya jadi belajar hal2 baru juga. Team Cakap nya juga sangat ramah dan membantu para tutor jika mengalami kesulitan/kendala. Pokoknya top banget dehğŸ˜ğŸ˜ğŸ˜ğŸ˜ Semoga untuk kedepan nya CAKAP makin sukses selalu.",POSITIVE,0.9983508586883545
"wadah yang nyaman untuk belajar bahasa, sangat mudah digunakan dan ga ribet! sukak banget lah pokoknya, semoga selalu improve terus CAKAP!",POSITIVE,0.997636079788208
Aplikasi yang sangat bagus dan menarik serta dapat membantu kita untuk belajar beberapa bahasa terutama Bahasa Inggris dimanapun dan kapanpun. Pelayanan CS yang cepat dan tanggap.,POSITIVE,0.996038556098938
ulasan ilmu bagus sayangnya tidak profesional sebab nerbitkan setifikat diundur undur terus,NEGATIVE,0.9980946183204651
Tempatnya baguss dan sangat nyamann,POSITIVE,0.9993799924850464
"Sangat membantu saya sebagai driver ojek online dalam memahami bahasa inggris, didalam pekerjaan saya yg mana konsumen tidak semua masyarakat lokal. Ada beberapa waÅ•ga negara luar yg kemungkinan dalam berbahasa lokal belum sempurna, terima kasih CAKAP ğŸ‘",POSITIVE,0.9030721187591553
Belajar di Cakap asyik sekali! dengan Guru - guru yang kompeten dan keren banget bikin kita terus - terusan tertarik untuk gasabar ikut kelas selanjutnya! Thank you Cakap!,POSITIVE,0.9987013339996338
"Cakap membantu saya dalam belajar bahasa asing, tutornya pun asyik dan profesional. Aplikasinya pun sangat user friendly untuk newbie.",POSITIVE,0.997556209564209
"CAKAP cocok banget buat bantu kemampuan berbahasa inggris. Saudara saya sudah menggunakan CAKAP lebih dari 3 bulan. Selain jadwalnya yg fleksibel, tutor di CAKAP juga ramah. Harganya juga bisa bersaaing dan bahkana bisa dibilang lebih terjangkau dengab fasilitas luar biasa ketimbang platform lainnya. Sukses terus CAKAP",POSITIVE,0.9975850582122803
Cara tepat untuk belajar di zaman sekarang. Materinya beragam dan bisa pilih guru serta jadwal sesuai kebutuhan.,POSITIVE,0.9931667447090149
Course bahasa asing yang bagus! tutornya sangat komunikatif jadi bikin kita yang lagi belajar bahasa asing ngerti dan lebih semangat lagi buat belajar!,POSITIVE,0.9968670010566711
"Tempatnya nyaman dan kondusif. Les Cakap ini memberikan cara yang lebih seru dan tidak membosankan dalam belajar bahasa asing, seperti bahasa Inggris",POSITIVE,0.9964662790298462
Saya sudah menyelesaikan pelatihan sampai final test dengan nilai cukup serta memberikan ulasan dan rating tapi kenapa notif status masih harus menyelesaikan tes akhir?,NEGATIVE,0.752677857875824
"Parah pelatihan sudah,,tapi sertifikat sdah seminggu blm turun jg,, pdhal keterangan nya tunggu 2x24jam tpi kenyataan nya seminggu blm turun jg lambat bener",NEGATIVE,0.9986128807067871
app nya bagus  keren adem di mata warna biru2. design appnya juga bagus. pembelajaraanya juga menarik pake feature live,POSITIVE,0.9989985823631287
"Suka banget belajar sama CAKAP. Belajar jadi mudah, ga ribet, terstruktur dan bisa langsung diterapin :) LIke banget",POSITIVE,0.9974992871284485
Cakap sangat membantu dalam belajar bahasa asing!!! aplikasinya juga keren banget dan gampang digunakan,POSITIVE,0.9988394379615784
"Belajar bahasa asing jadi gampang bngt, bisa kapan aja dan dimana ajağŸ˜ selalu ada report perkembangan setiap kita belajar yayyy^^",POSITIVE,0.9841486811637878
"Setiap materi yang diberikan sangat jelas dan kelasnya selalu asik, bermanfaat banget buat yang pengen belajar bahasa",POSITIVE,0.9965597987174988
"Sangat-sangat luar biasa, friendly dan pas banget buat belajar bahasa terutama mandarin.",POSITIVE,0.9692879915237427
"cakap ini sangat membantu saya dalam belajar bahasa asing, pembelajarannya juga seru banget. keren deh",POSITIVE,0.9933163523674011
"Aplikasi yang sangat mudah untuk belajar bahasa & harganya pun terjangkau, sukses selalu untuk Cakap! :)",POSITIVE,0.9983296990394592
"Seru banget belajar bahasa asing di Cakap, materi dan penjelasan nya mudah dipahami, kita juga jadi bisa belajar kapanpun dan dimana aja. Terima kasih cakap",POSITIVE,0.9938192963600159
Sangat menyenangkan dan membantu belajar bahasa inggris lewat aplikasi cakap. Cakap kerennn,POSITIVE,0.9982041120529175
"Hebat gurunya sangat ramah profesional dan materi yang diberikan pun saat pelatihan sangat sangat mudah dimengerti, terima kasih cakap.com",POSITIVE,0.9969469904899597
Such a good language learning application! Cara pakainya mudah dan tutornya ramah serta friendly. Thank you Cakap!,POSITIVE,0.9987372756004333
Aplikasi yang sangat user friendly dan sangat membantu bagi saya untuk belajar bahasa dengan mudah,POSITIVE,0.996129035949707
"Kualitas sangat bagus, aplikasi yang user friendly, ada interaksi yang dapat terbangun menjadi unggulan dalam platform edukasi, dan profesional.",POSITIVE,0.9973486661911011
"Belar online di Cakap asik dan interaktif banget, video call langsung di app-nya bareng tutor native-nya yang ramah-ramah. Jadwalnya fleksibel, cocok bagi saya yang bekerja ğŸ‘",POSITIVE,0.9987102746963501
"Aplikasinya mudah digunakan, belajar bahasa jadi lebih asik, mudah dipahami dan sangat membantu",POSITIVE,0.9926279187202454
"wah bagus banget aplikasi dan pelayananan, bisa lebih membantu memahami bahasa inggris. Terimakasih",POSITIVE,0.9924370646476746
Tempat yang sangat bagus untuk meningkatkan kemampuan di dunia kerja dan sehari-hari. Terimakasih banyak Cakap.:),POSITIVE,0.9966801404953003
"Sangat bagus untuk belajar bahasa asing, membantu saya untuk lebih paham. GoodğŸ‘ğŸ»",POSITIVE,0.9974278807640076
"Cakap sangat membantu saya dalam belajar berbahasa asing, juga tutor yang tentu sangat mengasyikan!",POSITIVE,0.9941257238388062
"aplikasi yang sangat bagus dan sangat membantu dalam belajar bahasa, keren!",POSITIVE,0.9958165287971497
Kelas Cakap Club menarik dan seru sekali bisa interaksi secara live dengan pengajar lokal maupun foreign!,POSITIVE,0.997428834438324
Senengnya bisa berbahasa inggris  di sini...dengan prakerja kita di bikin mudah segalanya...terima kasih prakerja and cakap...kita di sini makin pinter berbahasa inggris...karna percakapan bahasa inggris amat bagus ...,POSITIVE,0.9988328814506531
sangat membantu sekali.saya belajar pake kartu prakerja dan sangat memuaskan. still be the best dan Terimakasih ğŸ™,POSITIVE,0.9981512427330017
"Sangat membantu utk kalian yg ingin belajar tp tdk ingin ribet juga ke tempat kursus, sangat fleksibel!!",POSITIVE,0.996440589427948
"Suka sama app nya. Saya belajar di kelas club seru, gurunya seru2",POSITIVE,0.9983260035514832
"Video call langsung sama tutor ngebantu banget untuk pahamin materi. Jadi, bisa langsung nanya deh kalau ada yang bikin bingung. ğŸ‘ğŸ‘",POSITIVE,0.9567791223526001
"Wow mantap, bisa membantu saya dalam belajar bahasa asingğŸ¤©",POSITIVE,0.9976907968521118
"terimakasih cakap, karena membantu saya untuk belajar bahasa asing dengan lebih mudah",POSITIVE,0.9720712900161743
Cakap sangat berguna untuk mebantu pembelajaran semua orang. Konsepnya efektif dan efisien dengan harga yang terjangkau.,POSITIVE,0.9982419013977051
Belajar menggunakan Cakap membuat kemampuan Bahasa Inggris saya meningkat. Terima kasih Cakap!,POSITIVE,0.9940338730812073
"Bagus banget, user friendly juga. Bisa bantuin adik aku belajar",POSITIVE,0.9836853742599487
"Thankyou cakap, belajar bahasa dengan cara menarik dan waktu yg flexible.",POSITIVE,0.970352292060852
Semoga bsa menambah wawasan dan jdi usaha kedepan ny,POSITIVE,0.9099510908126831
"Layanan kursusnya inovatif, tidak perlu hadir ke kelas, bisa dari mana saja",POSITIVE,0.961107611656189
Sangat membantu saya dalam belajar bahasa asing. Terima kasih Cakap.,POSITIVE,0.9947094917297363
"Seru banget belajar di cakap, penyampaian materinya yang mudah dipahami dan juga fleksibel, be better!",POSITIVE,0.9695735573768616
Luv it. Nyaman dan sistem pengajarannya enak serta mudah dipahami.,POSITIVE,0.998760461807251
Seru dan menyenangkan belajar bahasa jepang di squline. Karena sensei nya sudah expert dan sangat baik dalam mengajar,POSITIVE,0.9983125925064087
"Pelayanan sangat baik, harga dan detail kelas sangat jelas dan terbukaCustomer Service sangat ramah dan sabar",POSITIVE,0.9964137673377991
"Platform yg sangat membantu karna bisa tatap muka virtual, jadi bisa tanya jawab secara real time",POSITIVE,0.9847832322120667
"belajar di Cakap seru! aplikasinya mudah dipahamin, gak ribet. teachersnya responsive pula!",POSITIVE,0.9984215497970581
"Aplikasinya keren, sangat bermanfaat, dan mudah digunakan dibandingkan aplikasi lainnya",POSITIVE,0.99678635597229
"Aplikasi keren!!! Apalagi buat ngembangin skill berbahasa, sukses terus cakap!!!",POSITIVE,0.9912458062171936
Wah! Seneng pol dengan pembelajaran yang ada di sini. Interaktif gitu.. Makasi yaa Cakap,POSITIVE,0.9941589832305908
"Kursus langsung ama gurunya yg dari luar negeri, jadi tmbah percaya diri untuk berbahasa inggris ğŸ˜†",POSITIVE,0.8630115985870361
"Materi yang bagus, mudah dipahami. Semoga bisa segera di aplikasikan kedepan. Terima kasih CAKAP ğŸ‘",POSITIVE,0.9949525594711304
"aplikasinya bagus dan user friendly, mantap banget ga nyesel download aplikasi ini",POSITIVE,0.9982263445854187
Tempat yang nyaman untuk belajar bahasa dan mudah dipahami!,POSITIVE,0.9992814660072327
"Gak nyesel dehhh belajar disini, bagus2 materinya dan dapat difahami",POSITIVE,0.9980576634407043
Aplikasinya mudah digunakan di mana saja dan kapan saja. Pembelajarannya juga menyenangkan.,POSITIVE,0.9975336790084839
Sangat mempermudah belajar bahasa inggris dengan waktu yg flexible,POSITIVE,0.9991394281387329
"Bagus banget, seru bisa belajar bahasa di cakap",POSITIVE,0.9950888752937317
"Kualitas nya sangat bagus, profesional & harga nya terjangkau,, terima kasih",POSITIVE,0.9982815980911255
Keren bangett app nya buat belajar lebih enak,POSITIVE,0.998939573764801
Ketika bertanya melalui wa dan email tidak ada respon sama skaliSangat buruk pelayanan nyaDi wa dan di email tidak ada respon sama skali,NEGATIVE,0.9993095397949219
"Luar biasa, Dan aplikasi yang sangat bagus, ikut Cakap Club bagus banget",POSITIVE,0.997501790523529
"Sangat bagus metode penyampaian materinya , pengajarnya pun sangat bagus",POSITIVE,0.9991356730461121
"helpful, sangat membantu. cocok bangett worth to try!",POSITIVE,0.9948298335075378
Belajar dimana saja dan kapan saja. The future of study experiences in Indonesia.,NEUTRAL,0.5365093350410461
aplikasinya bermanfaat banget buat tambah ilmu. tinggatin lagi ya :),POSITIVE,0.9959235191345215
sangat memberikan pengalaman belajar yang di luar ekspetasi,POSITIVE,0.9982956051826477
Terima Kasih. CAKAP.COMBelajar jadi mudah dan menarik.,POSITIVE,0.9940104484558105
Berguna banget buat belajar bahasaâ˜ºï¸,POSITIVE,0.9989113807678223
Sangatt membantu bagi yang ingin pandai bahasa asing ğŸ˜‰,POSITIVE,0.9833868145942688
cakap sangat membantu meningkatkan skill berbahasa asing,POSITIVE,0.9896067976951599
"Sangat membantu, penjelasan yang diberikan pun mudah untuk dimengerti.ğŸ‘ğŸ»",POSITIVE,0.9942885637283325
"Seneng bgt bisa tau aplikasi cakap ini, sangat bermanfaat.",POSITIVE,0.9908313155174255
Aplikasinya sangat membantu dan bagus sekali,POSITIVE,0.9986989498138428
Lembaga pendidikan bahasa asing yang recomended,POSITIVE,0.9015312790870667
Mempermudah belajar bahasa dimana saja dan kapan saja ğŸ‘,POSITIVE,0.9874562621116638
Tempat les bahasa asing online paling recommended,POSITIVE,0.9983044862747192
"sangat mudah dipahami, very usefulğŸ‘ğŸ»",POSITIVE,0.9973633885383606
Seru dan luar biasa belajar bareng cakap!!!,POSITIVE,0.9968665242195129
Kualitas teacher nya oke banget!,POSITIVE,0.9890430569648743
"Sangatt menarik, bagus, dan seru  ğŸ˜",POSITIVE,0.9985059499740601
Sangat suka belajar disini,POSITIVE,0.9973064661026001
Belajar disini sangat menyenangkan,POSITIVE,0.9985156655311584
"Yuhuu abis registrasi, dapet free trial~~~",NEGATIVE,0.5005466341972351
Tempatnya sangat keren dan sangat membantu juga,POSITIVE,0.998126208782196
Sangat baik dan enak diliat aplikasinya,POSITIVE,0.9808322191238403
Aplikasi sangat bermanfaat dan mudah digunakan,POSITIVE,0.9979244470596313
Aplikasi yang sangat bagus dan menarik..,POSITIVE,0.9967401623725891
"harga terjangkau, service baik",POSITIVE,0.9860009551048279
Layanan yang sangat baguss karena sangat membantu,POSITIVE,0.9984386563301086
Tempat kursus paling top menurutku!,POSITIVE,0.9988940358161926
Aplikasi yang sangat membantu dan sangat mudah di pahami.,POSITIVE,0.9907653331756592
Metode pembelajarannya mudah dipahami,POSITIVE,0.9971877932548523
Wow sangat membantu sekalihhhhhâ¤ï¸â¤ï¸â¤ï¸,POSITIVE,0.9979227185249329
Sangat baik,POSITIVE,0.9762376546859741
Sangat membantu dan berkualitas!,POSITIVE,0.9977218508720398
"sangat membantu, keren!",POSITIVE,0.9782146215438843
Keren aplikasi nya bermanfaat banget,POSITIVE,0.9991040825843811
Sangat bermanfaat bagi saya,POSITIVE,0.9991070628166199
Seru banget belajar di cakapğŸ˜,NEGATIVE,0.7209545373916626
Oke banget pokoknya,POSITIVE,0.9709365367889404
Lokasi mudah di jangkau dan strategis,POSITIVE,0.9993108510971069
keren. dan juga solusi dari segala problem sulit belajar,POSITIVE,0.9846041798591614
Aplikasi yang mencerdaskan anak bangsa . Semangat Squline !!!!!,POSITIVE,0.9937064051628113
sangat recommended untuk orang-orang!ğŸ’¯,POSITIVE,0.9993021488189697
Aplikasi yang bagus dan user friendly,POSITIVE,0.9980740547180176
Aplikasi yang bagus dan menyenangkan,POSITIVE,0.9970832467079163
Mantap,POSITIVE,0.9990730285644531
Kerenn dan ga ribettğŸ‘ğŸ¼,POSITIVE,0.999173104763031
Sangat membantu,POSITIVE,0.9974865913391113
aplikasinya sangat helpful!,POSITIVE,0.994063675403595
belajar disini asik bangett,POSITIVE,0.9978925585746765
Aplikasi yang menarik ğŸ‘ğŸ»,POSITIVE,0.9983956217765808
kerenn banget,POSITIVE,0.6186444759368896
bagus banget,POSITIVE,0.998884379863739
Bagus ğŸ¤©,POSITIVE,0.9979768395423889
Cukup membantu ya. :),NEGATIVE,0.44347602128982544
seru bangetâœ¨,POSITIVE,0.8908196091651917
Sangat baik,POSITIVE,0.9762376546859741
Sangat bagus,POSITIVE,0.9929921627044678
Seru dan sangat membantu! ğŸ˜„,POSITIVE,0.9897264838218689
Keren,POSITIVE,0.9989928603172302
Keren banget guys,POSITIVE,0.9986188411712646
CEPET BANGET DAN BAGUS BANGET SANGAT MEMBANTU,NEGATIVE,0.998077392578125
Uwauuuuu.....keren banget!,POSITIVE,0.9989400506019592
bermanfaat bgt,POSITIVE,0.9988956451416016
Keren banget,POSITIVE,0.9989000558853149
Mantap,POSITIVE,0.9990730285644531
baguss,POSITIVE,0.9979814291000366
Aplikasi yang menarik ğŸ‘ğŸ»,POSITIVE,0.9983956217765808
Bagus,POSITIVE,0.9306384325027466
Sangat membantu,POSITIVE,0.9974865913391113
Keren,POSITIVE,0.9989928603172302
"Tempat keren untuk belajar bahasa dan tempatnya super nyaman! Dan, asyik sekali kalau ada acara di sana, suasananya enak sekali untuk bekerja, belajar, atau berkumpul dengan orang-orang.",POSITIVE,0.9989703893661499
"Cool place to learn languages and the place is super comfy! And, it was really nice having an event there, the atmosphere was so great for working, studying, or gathering with people.",POSITIVE,0.9980727434158325
ini adalah tempat yang luar biasa bagi pelajar dan profesional. sangat nyaman dan luas. struktur aplikasinya juga bagus dan banyak mentor keren,POSITIVE,0.9991538524627686
this is a awesome place for learners and professionals. very comfortable and spacious. the app structure is also great and there lots of cool mentors,POSITIVE,0.9990088939666748
"Tempat yang bagus untuk memulai perjalanan Anda mempelajari bahasa baru seperti Inggris, Jepang, dan Mandarin. Anda bisa mendapatkan feedback langsung dari guru Anda karena sistem pembelajarannya adalah komunikasi dua arah, sehingga Anda bisa bertanya langsung kepada guru Anda.",POSITIVE,0.9794910550117493
"A great place to start your journey to learn new language such, english, japanese, and mandarin. You can get direct feedback from your teacher cause the learning systems is two way communication, so you can ask directly to your teacher.",POSITIVE,0.9887851476669312
"CAKAP adalah tempat yang tepat bagi pembelajar bahasa dan profesional. Platform pembelajaran bahasa mereka menawarkan banyak keuntungan, menjadikan prosesnya menyenangkan dan efektif. Namun bukan hanya itu â€“ ruang kerja yang nyaman, lengkap dengan kursi mewah, kamar mandi bersih, dan kafe di dalam hotel, menciptakan suasana yang benar-benar menarik. Staf, selalu siap dengan senyum ramah dan saran bermanfaat, menjadikan keseluruhan pengalaman lebih baik. CAKAP lebih dari sekedar tempat belajar; ini adalah ruang di mana kenyamanan, kemudahan, dan kebaikan bertemu. Sangat dianjurkan!",POSITIVE,0.9982210993766785
"CAKAP is a great place for language learners and professionals alike. Their language learning platform offers a wealth of advantages, making the process enjoyable and effective. But that's not all â€“ the comfortable workspaces, complete with plush chairs, pristine bathrooms, and an in-house cafÃ©, create a truly inviting atmosphere. The staff, always ready with a friendly smile and helpful advice, make the entire experience even better. CAKAP is more than a place to learn; it's a space where comfort, convenience, and kindness converge. Highly recommended!",POSITIVE,0.9970920085906982
"Tempat yang sangat bagus, pendirinya baik, rendah hati dan mendidik",POSITIVE,0.994205892086029
"Very good place, founders are nice, humble and educative",POSITIVE,0.9988312125205994
"Ini adalah aplikasi yang bagus untuk belajar bahasa asing, menyenangkan dan gurunya sangat membantu dan ramah dalam mengajar kami. Layak untuk dicoba jika Anda ingin belajar bahasa baru dengan harga terjangkau :)",POSITIVE,0.9985218644142151
"Its a great apps to learn foreign language , its fun and the teacher is really helpful and friendly when it comes to teach us. It's worth to try if you want to learn a new language in a good price :)",POSITIVE,0.9987512826919556
Mendapatkan pengalaman luar biasa menggunakan Cakap. Hal ini memungkinkan saya untuk belajar bahasa dengan cara yang menyenangkan namun efektif karena gurunya sangat ramah dan berpengetahuan. Harganya terjangkau jadi patut dicoba.,POSITIVE,0.9980583786964417
Had an amazing experience using Cakap. It allows me to learn languages in a fun yet effective way as the teachers are very friendly and knowledgeable. The price is affordable so it's definitely worth a try.,POSITIVE,0.9986250400543213
Tempat terbaik untuk mengembangkan dan meningkatkan keterampilan belajar bahasa yang tidak hanya akan meningkatkan kinerja individu tetapi juga mengakomodasi kebutuhan para peminat bahasa.,POSITIVE,0.987373411655426
The best place to develop and enhance the language learning skills which will not only improve the individual performance but also to accommodate the needs of the language enthusiasts.,POSITIVE,0.9839980602264404
"Pengalaman belajar online yang mulus. Saya sangat menyukai Cakap English Club Premium karena memungkinkan saya berlatih bahasa Inggris dengan cara yang menyenangkan, dengan topik yang kekinian dan keren. Guru-gurunya komunikatif dan selalu mampu menjawab pertanyaan saya. Mereka juga sangat bagus. Ada guru asing dan Indonesia. Semuanya baik padaku! Agen layanan pelanggan cepat menanggapi pertanyaan saya. Tidak dapat meminta aplikasi yang lebih baik. Kerja bagus, Cakap! 10 dari 10 â­â­â­â­â­",POSITIVE,0.9984652996063232
"Seamless online learning experience. I like Cakap English Club Premium so much as it allows me to practice English in a fun way, with topics that are modern and cool. The teachers are communicative and always able to answer my questions. They're very nice, too. There are foreign and Indonesian teachers. All are nice to me! The customer service agents are fast to respond to my questions. Couldn't ask for a better app. Good job Cakap! 10 out of 10 â­â­â­â­â­",POSITIVE,0.997158408164978
"Cakap menawarkan banyak program bagi mereka yang ingin mempelajari bahasa asing apa pun yang relevan dan banyak digunakan seperti Inggris, Mandarin, Jepang, dan Korea. Mereka juga menyediakan aplikasi hebat yang tersedia di perangkat Android dan iOS. Pastinya akan menjadi pengalaman yang menyenangkan dan menyenangkan untuk mempelajari bahasa baru.",POSITIVE,0.9822779893875122
"Cakap offers a lot of programs for those who are willing to learn any relevant and widely used foreign languages such as English, Mandarin Chinese, Japanese and Korean. They also provide a great application which is available both on android and iOS devices. It'll surely be a pleasant and fun experience to learn new languages.",POSITIVE,0.9768204689025879
"Aplikasi yang mumpuni sangat membantu saya sebagai seorang driver ojek online, dimana kemajuan teknologi saat ini sudah sangat pesat, perlu sedikit penguasaan bahasa inggris untuk bisa berbicara dengan konsumen dari luar negeri yang tidak bisa berbahasa indonesia, terima kasih CAKAP aplikasi pembelajaran bahasa terbaik. Hebat ğŸ‘ğŸ‘ğŸ‘ğŸ‘ğŸ‘",POSITIVE,0.9985013008117676
"the capable applicatiom really helped me as an online motorcycle taxi driver,where technological advances are now greatly increasing, it is necessary as an to have a little  proficiency in English to be able to talk to comsumers from aboard who cannot speak indonesian, thank you CAKAP the best language learning application. Greats ğŸ‘ğŸ‘ğŸ‘ğŸ‘ğŸ‘",POSITIVE,0.9883522391319275
Cakap adalah tempat yang bagus untuk belajar beberapa bahasa asing. Ini menyediakan fitur yang dapat membantu siswanya mempelajari bahasa dengan mudah dan cepat. Hal ini juga memberikan kesempatan kepada mahasiswanya untuk mendapatkan teman baru dan memperluas wawasannya. Cakap benar-benar merupakan tempat untuk mengangkat kehidupan masyarakat,POSITIVE,0.9971401691436768
Cakap is a great place to learn some foreign languages. It provides features which can help its students to learn the languages easily and fast. It also provides opportunities for its students to make new friends and expand their horizon. Cakap is truly a place to elevate people's lives,POSITIVE,0.9974543452262878
Terima kasih kepada Cakap dan para guru yang sangat membantu dan ramah. Dan promo yang selalu ada. Jika memungkinkan tambahkan bahasa Prancis,POSITIVE,0.9966879487037659
Thanks to Cakap dan teacher2nya yg sangat helpfull dan friendly. Serta promonya yg selalu ada. Kalau boleh tambah bahasa Perancis dong,POSITIVE,0.9896522164344788
"Saya percaya bahwa aplikasi ini memiliki visual dan UX yang bagus, dan juga memiliki pendekatan metode pengajaran yang berbeda, yang menurut saya bagus. Saya ingin melihat lebih banyak dari aplikasi ini.",POSITIVE,0.9931371212005615
"I believe that this application has a good visual and UX, and also it has a different approach to teaching methods, which is good in my book. I would like to see more from this app.",POSITIVE,0.9864691495895386
Pengalaman yang menyenangkan selama menggunakan Capak. Aplikasi bagus untuk belajar bahasa asing dengan penutur asli.,POSITIVE,0.9966421127319336
Pengalaman yang menyenangkan selama menggunakan Cakap. Aplikasi yang bagus untuk belajar bahasa asing dengan native speakers.,POSITIVE,0.9955518841743469
Tempat yang bagus untuk belajar dan belajar,POSITIVE,0.9926373958587646
Great place to study and learn,POSITIVE,0.9369251132011414
Saya mendapatkan pengalaman belajar yang luar biasa di sini. Guru-gurunya baik dan profesional. Tempatnya nyaman. Semuanya hadir dengan harga yang wajar.,POSITIVE,0.9976654052734375
I had a great learning experience in here.The teachers are nice and professional. The place is cozy. All comes in a reasonable price.,POSITIVE,0.9983094930648804
Senang belajar bahasa Inggris lisan dan Mandarin. Tutornya sangat menyenangkan dan ramah. Penjelasan materinya juga mudah dipahami. Terima kasih sudah berbicara,POSITIVE,0.9984728693962097
Love to learn  english and mandarin di cakap. Tutornya sangat menyenangkan dan ramah. Menjelaskan materinya juga mudah untuk dipahami. Thankyou cakap,POSITIVE,0.9975796341896057
"Aplikasi speaking terbaik untuk belajar bahasa asing, interaktif dan model pembelajarannya menarik, speak the best!",POSITIVE,0.998330295085907
"Aplikasi cakap terbaik buat belajar bahasa asing, interaktif dan model pembelajarnya menarik, cakap the best!",POSITIVE,0.9983795881271362
"Cakap adalah tempat yang bagus untuk belajar bahasa asing, Aplikasi Cakap juga luar biasa dan mudah digunakan. Saya menyarankan Anda untuk setidaknya mencobanya dan merasakan sendiri pengalamannya.",POSITIVE,0.9963445067405701
"Cakap is an awesome place to learn foreign language, the Cakap App is also amazing and easy to use. I recommend you to at least try it out and have the experience yourself.",POSITIVE,0.9963548183441162
"Aplikasi yang sangat membantu untuk meningkatkan bahasa asing karena sangat user friendly. Terima kasih, bicara!âœ¨ğŸ‘ğŸ»",POSITIVE,0.9967435002326965
Aplikasi yang sangat helpful untuk improve bahasa asing karena user friendly banget. Thank youu Cakap!âœ¨ğŸ‘ğŸ»,POSITIVE,0.9981067180633545
Cara yang sangat efektif untuk belajar bahasa mandarin dan bahasa inggris dengan guru penutur asli! Punya pengalaman menyenangkan selama kursus bahasa mandarin saya.,POSITIVE,0.9949487447738647
Really effective way to learn mandarin n english with native speaking teacher! Had fun experience during my mandarin course.,POSITIVE,0.9978412389755249
"Aplikasi Hebat, gunakan ini untuk belajar bahasa JepangCSnya ramah, gurunya hebat, dan worth it banget sama harganya",POSITIVE,0.9976619482040405
"Great App, used this to study JapaneseFriendly CS, great teacher, and really worth the price",POSITIVE,0.9871832132339478
Ini sangat keren dan memiliki nilai yang kuat! Sangat membantu banyak orang untuk meningkatkan kemampuan bahasa mereka!!,POSITIVE,0.9939286708831787
Its very cool and have strong value ! Really helps lot of people to improve their language skills !!,POSITIVE,0.9971200227737427
"terima kasih CAKAP sudah menjadi partner belajar di pintaria, materi pembelajaran sangat mudah dan cepat dipahami, kompeten aplikasi belajar online terbaik, Recomended ğŸ‘",POSITIVE,0.9991353154182434
"thank you CAKAP for being a partner of learning at pintaria, the learning material is very easy and fast to understand, competent the best online learning application, Recomended ğŸ‘",POSITIVE,0.997876763343811
"Punya pengalaman hebat menggunakan Cakap. Guru mempunyai kepribadian yang berkesinambungan, pengetahuan yang luas dan membangun keterlibatan yang intensif.",POSITIVE,0.9936323761940002
"Had a great experience using Cakap. The teacher has an ongoing personality, extensive knowledge and built a intensive engagement.",POSITIVE,0.993960976600647
"Aplikasi CAKAP sangat membantu, saya mahasiswa English Club selama 2 tahun dan sekarang bahasa Inggris saya semakin meningkat..",POSITIVE,0.9905430674552917
"CAKAP app is very helpful, I am a student of English Club for 2 years and now my English is improving..",POSITIVE,0.9000812768936157
Kursus yang sangat berguna dengan harga bagus untuk belajar dan meningkatkan kemampuan bahasa Inggris saya :) terima kasih,POSITIVE,0.996315062046051
A very useful course with a good price to learn and improve my english skill :) thank u,POSITIVE,0.9986376166343689
ini adalah aplikasi bagus untuk meningkatkan kemampuan bahasa inggris saya. Aplikasi ini sederhana dan mudah diakses.,POSITIVE,0.9963870048522949
this is a great app to improve my english skill. The app is simple and easy to access.,POSITIVE,0.9977383613586426
Mendapatkan pengalaman yang luar biasa saat belajar bersama Cakap. Para guru sangat membantu dan membuat proses pembelajaran menjadi menyenangkan,POSITIVE,0.9966669678688049
Had a great experience while learning with Cakap. The teachers are helpful and make the learning process fun,POSITIVE,0.9976366758346558
Mendapatkan pengalaman luar biasa belajar bersama CAKAP. Guru-gurunya sangat ramah dan sangat berpengetahuan.,POSITIVE,0.9979191422462463
Had an amazing experience learning with CAKAP. The teachers are super friendly amd very knowledgeable.,POSITIVE,0.9963262677192688
berbicara sangat membantu dalam proses belajar bahasa baru!,POSITIVE,0.9965710639953613
cakap membantu banget dalam proses belajar bahasa baru!,POSITIVE,0.9939338564872742
"Aplikasi yang bagus untuk belajar bahasa inggris... guru muda, sangat sederhana dan menyenangkan.. rekomendasikan ğŸ‘ğŸ»ğŸ‘ğŸ»ğŸ‘ğŸ»",POSITIVE,0.9979690909385681
"Good application for learning English... young teachers, very simple and fun.. recommend ğŸ‘ğŸ»ğŸ‘ğŸ»ğŸ‘ğŸ»",POSITIVE,0.9988328814506531
"tempat yang sangat bagus untuk belajar bahasa, sangat fleksibel dan mudah beradaptasi! Dingin!",POSITIVE,0.9980455636978149
"a very nice place to learn language, very flexible and adaptable! cool!",POSITIVE,0.9982359409332275
Cara inovatif untuk belajar bahasa asing dengan penutur asli dan bertemu teman baru.,POSITIVE,0.9788621664047241
An innovative way to learn foreign language with native speakers and meet new friends.,POSITIVE,0.9032202363014221
Cakap berdedikasi untuk meningkatkan kualitas hidup masyarakat dengan membantu masyarakat belajar bahasa asing dan melakukannya dengan cara yang menyenangkan dan interaktif,POSITIVE,0.9542908668518066
Cakap is dedicated to improving the quality of people's lives by helping people learn foreign language and doing it in a fun and interactive way,POSITIVE,0.9951366782188416
Tempat yang bagus untuk belajar bahasa. Suatu kebanggaan bisa menjadi bagian dari Pasukan CAKAP!ğŸ˜,POSITIVE,0.9959458708763123
Nice place to learn languages. Itâ€™s an honor to be part of CAKAP Squad!ğŸ˜,POSITIVE,0.9595944881439209
saya tidak tahu apa-apa tentang bahasa inggris maka saya dapat berbicara seperti ini. platform luar biasa untuk mempelajari bahasa baru. HARUS DICOBA!,POSITIVE,0.9685406684875488
i knew nothing about english then i can speak like this. an awesome platform to learn new languages. MUST TRY!,POSITIVE,0.9679518938064575
Terbaik,POSITIVE,0.9978886246681213
The best,POSITIVE,0.9990164041519165
Ini adalah tempat yang bagus untuk belajar dan meningkatkan keterampilan bahasa Anda,POSITIVE,0.9925071597099304
It is a great place to learn and improve your language skills,POSITIVE,0.9978204965591431
Saya merasa terhormat bisa mengajar di Cakap. Mereka mempunyai sistem pendidikan yang baik,POSITIVE,0.9912424087524414
I am honor to teach at Cakap. They have good education systems,POSITIVE,0.9957020878791809
Sangat membantu dalam membantu orang belajar bahasa asing dengan mudah!,POSITIVE,0.9946269392967224
Really help in helping people's learning foreign language easily!,NEGATIVE,0.9923892617225647
Tempat yang nyaman dengan program terjangkau untuk belajar berbagai bahasa asing,POSITIVE,0.9991807341575623
A cozy place with affordable programs for learning multiple foreign languages,POSITIVE,0.9984924793243408
Terima kasih Bicara! Aplikasi ini sangat membantu dan mudah digunakan,POSITIVE,0.9983808994293213
Thankyou Cakap! Aplikasinya sangat helpful dan mudah digunakan,POSITIVE,0.9989451766014099
Sebuah jalan keluar yang mudah untuk meningkatkan kemampuan bahasa Inggris saya. Sangat menyukainya.,POSITIVE,0.9971597194671631
Such an easy way out to improve my english skills. Love it so much.,POSITIVE,0.9957895874977112
cara mudah untuk meningkatkan kemampuan berbicara bahasa inggris dan mandarin.. SELAMAT MENYENANGKAN DAN FLUENT!!!,POSITIVE,0.8380837440490723
an easy way to improve your skills in speaking English and Mandarin .. HAVE FUN AND BE FLUENT !!!,POSITIVE,0.998079776763916
Platform yang sangat bagus untuk mempelajari keterampilan baru dengan para ahli sejati,POSITIVE,0.9986571073532104
A very nice platform for learning new skills with real experts,POSITIVE,0.9985148310661316
Tempat yang sangat bagus untuk belajar bahasa baru,POSITIVE,0.9980360865592957
A really great place to learn new languages,POSITIVE,0.9985677003860474
Tempat yang bagus dan nyaman untuk belajar! ğŸ‘ğŸ»,POSITIVE,0.9985935091972351
Such a great and cozy place for learning! ğŸ‘ğŸ»,POSITIVE,0.9989293217658997
"Tempat yang tepat untuk meningkatkan bahasa asing Anda, untuk meningkatkan kepercayaan diri Anda dan untuk meningkatkan kehidupan Anda",POSITIVE,0.939349889755249
"Right place to improve your foreign language, to improve your self confidence and to improve your life",POSITIVE,0.8174034953117371
Platform luar biasa untuk belajar bahasa asing dengan mudah!,POSITIVE,0.9979761242866516
Awesome platform to learn foreign languages easily!,POSITIVE,0.9923785924911499
aplikasi yang berguna dan semuanya dalam satu untuk belajar bahasa.,POSITIVE,0.8153729438781738
useful app and all in one for learning languages.,POSITIVE,0.946877121925354
"cara efektif untuk belajar bahasa asing, khususnya bagi mereka yang cukup sibuk~~",POSITIVE,0.8080353736877441
"an effective way to learn foreign languages, specially for those who are pretty busy~~",POSITIVE,0.8666293621063232
seru sekali belajar bersama Kapak! ğŸ˜,NEGATIVE,0.6417148113250732
seru banget belajar dengan Cakap! ğŸ˜,POSITIVE,0.9943311214447021
tempat yang sempurna untuk belajar bahasa baru!,POSITIVE,0.9961349964141846
a perfect place to learn new languages!,POSITIVE,0.9979076385498047
Sangat menyenangkan untuk belajar bahasa lisan,POSITIVE,0.9947711825370789
Seru sekali belajar bahasa di cakap,NEGATIVE,0.9993587136268616
Benar-benar luar biasa dan bermanfaat. Terima kasih,POSITIVE,0.9890973567962646
Really amazing and useful. Thank you,POSITIVE,0.9940575361251831
Platform yang bagus untuk belajar bahasa asing,POSITIVE,0.9984667301177979
A good platform to learn foreign language,POSITIVE,0.9953680038452148
Tempat yang bagus untuk belajar bahasa baru.,POSITIVE,0.9949731826782227
Great place to learn new languages.,POSITIVE,0.9244113564491272
Direkomendasikan untuk belajar bahasa asing!,POSITIVE,0.9881277680397034
Recommended for learning foreign languages !,NEGATIVE,0.8762204051017761
"Bicara banget ngomong, aku suka ngomong, orang selalu ngomong, amin.",POSITIVE,0.9819035530090332
"Cakap emang cakap, saya suka cakap, orang-orang cakap selalu,amiin.",POSITIVE,0.9978006482124329
tempat yang bagus untuk belajar bahasa baru!!!,POSITIVE,0.9978099465370178
a great place to learn new languages!!!,POSITIVE,0.9970344305038452
tempat yang bagus untuk belajar bahasa,POSITIVE,0.9967856407165527
good place to learn language,POSITIVE,0.9976098537445068
"Keren sekali, pengalaman yang luar biasa",POSITIVE,0.9870753884315491
"So cool, great experience",POSITIVE,0.969144344329834
Pelayanan terbaik ketika saya pergi ke sana!,POSITIVE,0.9980518817901611
Best service when I go there!,POSITIVE,0.9979636669158936
Sempurna! Jadikan segalanya lebih baik,POSITIVE,0.9982044696807861
Perfect! Make everythings better,POSITIVE,0.9960715770721436
Bicaralah dengan sangat baik,POSITIVE,0.9859020709991455
Cakap memang mantap,POSITIVE,0.999057948589325
Lingkungan yang menyenangkan untuk bekerja :),POSITIVE,0.9961445331573486
A nice environment to work :),POSITIVE,0.9864077568054199
sangat bagus,POSITIVE,0.9943695664405823
very good,POSITIVE,0.9894077181816101
aplikasi yang sangat bagus,POSITIVE,0.9974508881568909
a very good application,POSITIVE,0.9972163438796997
baik terima kasih.,NEUTRAL,0.5493803024291992
"good, thank you.",POSITIVE,0.9897553324699402
Bagus ğŸ‘ğŸ»ğŸ‘ğŸ»,POSITIVE,0.9990744590759277
Good ğŸ‘ğŸ»ğŸ‘ğŸ»,POSITIVE,0.9991394281387329
Terbaik,POSITIVE,0.9978886246681213
The best,POSITIVE,0.9990164041519165
Kata yang bagus,POSITIVE,0.9831332564353943
Mantap cakap,POSITIVE,0.9991698265075684
Siiiip,NEGATIVE,0.9424418210983276
Siiip,NEGATIVE,0.9871143102645874
Pengalaman keren,POSITIVE,0.9989946484565735
Cool experience,NEGATIVE,0.9968670010566711
Aplikasi bagus,POSITIVE,0.9988659620285034
Great apps,NEGATIVE,0.9982975125312805
Aplikasi yang berguna,POSITIVE,0.9643810987472534
Usefull app,NEGATIVE,0.9250403046607971
sangat membantu!,POSITIVE,0.9681928753852844
very helpful!,NEGATIVE,0.9969973564147949
berwawasan luas!!,POSITIVE,0.9991494417190552
insightful!!,NEGATIVE,0.9100586175918579
Bagus,POSITIVE,0.9306384325027466
good,POSITIVE,0.9990602135658264
sangat membantu,POSITIVE,0.9959172606468201
very helpful,POSITIVE,0.9067758917808533
